{
  "source": "ins1735345",
  "estimator": "SPD_tracklets",
  "eta_range": "-0.8-0.8",
  "sqrt_s_gev": 13000,
  "model": "BGBW (Schnedermann-Sollfrank-Heinz 1993)",
  "mass_gev": 0.13957,
  "mass_assumption": "pion (C2 caveat: biases T low, <beta> high for unidentified hadrons)",
  "cov_mode": "diag",
  "status": "substitute-baseline",
  "caveats": {
    "C1": "SPD-tracklets estimator != manuscript Nch; identity R matrix used",
    "C2": "mass=0.13957 GeV (pion); see bgbw_identified_fit.py for species refit",
    "C3": "Full covariance unavailable; chi2/ndf is shape-quality proxy only"
  },
  "n_bins": 10,
  "n_converged": 8,
  "bins": [
    {
      "success": true,
      "chi2": 59.39276055094412,
      "ndf": 43,
      "chi2_ndf": 1.3812269895568399,
      "norm": 1173.1399228591868,
      "temperature_gev": 0.12869411444243428,
      "beta_s": 0.8894856188456366,
      "n_val": 3.999999980537769,
      "mean_beta": 0.29649520724362194,
      "norm_err": 156.0261081880202,
      "temperature_err_gev": 0.0044429858927594185,
      "beta_s_err": 0.009794429929529558,
      "n_val_err": 0.0802638302222567,
      "valid": true,
      "bin": "21-30",
      "n_points": 47,
      "mass_gev": 0.13957,
      "cov_mode": "diag",
      "estimator": "SPD_tracklets",
      "status": "substitute-baseline"
    },
    {
      "success": true,
      "chi2": 595.1605850771439,
      "ndf": 43,
      "chi2_ndf": 13.840943839003346,
      "norm": 2846.394199774939,
      "temperature_gev": 0.14755039692104385,
      "beta_s": 0.940060222378063,
      "n_val": 3.9999999921440152,
      "mean_beta": 0.31335340786963756,
      "norm_err": 163.64399784407829,
      "temperature_err_gev": 0.0022748603188831457,
      "beta_s_err": 0.0022713844810283157,
      "n_val_err": 0.019679239233982182,
      "valid": true,
      "bin": "31-40",
      "n_points": 47,
      "mass_gev": 0.13957,
      "cov_mode": "diag",
      "estimator": "SPD_tracklets",
      "status": "substitute-baseline"
    },
    {
      "success": true,
      "chi2": 607.1197547431735,
      "ndf": 43,
      "chi2_ndf": 14.119064063794733,
      "norm": 3308.6183631349204,
      "temperature_gev": 0.16063890087082464,
      "beta_s": 0.9448637280931673,
      "n_val": 3.99999999999969,
      "mean_beta": 0.3149545760310721,
      "norm_err": 78.19203407988812,
      "temperature_err_gev": 0.0003978604650980433,
      "beta_s_err": 0.00045266364537771553,
      "n_val_err": 0.051887296381749604,
      "valid": true,
      "bin": "41-50",
      "n_points": 47,
      "mass_gev": 0.13957,
      "cov_mode": "diag",
      "estimator": "SPD_tracklets",
      "status": "substitute-baseline"
    },
    {
      "success": true,
      "chi2": 575.1471363651924,
      "ndf": 43,
      "chi2_ndf": 13.37551479919052,
      "norm": 3736.7414458340554,
      "temperature_gev": 0.16931953513992898,
      "beta_s": 0.9471100234637155,
      "n_val": 3.9999908105540065,
      "mean_beta": 0.3157038246784463,
      "norm_err": 209.09030460728764,
      "temperature_err_gev": 0.0026405679289498857,
      "beta_s_err": 0.002093440862018181,
      "n_val_err": 2.6181858683680885,
      "valid": true,
      "bin": "51-60",
      "n_points": 47,
      "mass_gev": 0.13957,
      "cov_mode": "diag",
      "estimator": "SPD_tracklets",
      "status": "substitute-baseline"
    },
    {
      "success": true,
      "chi2": 727.9457078537215,
      "ndf": 43,
      "chi2_ndf": 16.928969950086547,
      "norm": 6202.767396491992,
      "temperature_gev": 0.15378592622435588,
      "beta_s": 0.9553907837642976,
      "n_val": 2.9575836052475726,
      "mean_beta": 0.38542598969103503,
      "norm_err": 732.0382092795899,
      "temperature_err_gev": 0.005825198339860102,
      "beta_s_err": 0.0024885444808313006,
      "n_val_err": 0.21123752643974347,
      "valid": true,
      "bin": "61-70",
      "n_points": 47,
      "mass_gev": 0.13957,
      "cov_mode": "diag",
      "estimator": "SPD_tracklets",
      "status": "substitute-baseline"
    },
    {
      "success": true,
      "chi2": 642.0439163035493,
      "ndf": 43,
      "chi2_ndf": 14.931253867524402,
      "norm": 8805.461867058006,
      "temperature_gev": 0.14478356623880057,
      "beta_s": 0.9613184952322537,
      "n_val": 2.482102688166487,
      "mean_beta": 0.4289587107275779,
      "norm_err": 1340.7922726766947,
      "temperature_err_gev": 0.007113765635230071,
      "beta_s_err": 0.0029550208329883754,
      "n_val_err": 0.2035306234722405,
      "valid": true,
      "bin": "71-80",
      "n_points": 47,
      "mass_gev": 0.13957,
      "cov_mode": "diag",
      "estimator": "SPD_tracklets",
      "status": "substitute-baseline"
    },
    {
      "success": true,
      "chi2": 525.499784627527,
      "ndf": 43,
      "chi2_ndf": 12.220925223895977,
      "norm": 15415.960444685348,
      "temperature_gev": 0.12622814470167587,
      "beta_s": 0.9699262238186998,
      "n_val": 1.901585043091804,
      "mean_beta": 0.49719599245238216,
      "norm_err": 8099.10259935226,
      "temperature_err_gev": 0.02119489410431924,
      "beta_s_err": 0.008510367191621737,
      "n_val_err": 0.427904978337156,
      "valid": true,
      "bin": "81-90",
      "n_points": 47,
      "mass_gev": 0.13957,
      "cov_mode": "diag",
      "estimator": "SPD_tracklets",
      "status": "substitute-baseline"
    },
    {
      "success": true,
      "chi2": 422.5088165172546,
      "ndf": 43,
      "chi2_ndf": 9.825786430633828,
      "norm": 28157.31398564437,
      "temperature_gev": 0.10821104010176269,
      "beta_s": 0.9785850763241208,
      "n_val": 1.5072573465542114,
      "mean_beta": 0.5580343725193448,
      "norm_err": 20942.095361143933,
      "temperature_err_gev": 0.025021964597858423,
      "beta_s_err": 0.008899266898230784,
      "n_val_err": 0.4003215687272229,
      "valid": true,
      "bin": "91-100",
      "n_points": 47,
      "mass_gev": 0.13957,
      "cov_mode": "diag",
      "estimator": "SPD_tracklets",
      "status": "substitute-baseline"
    },
    {
      "success": false,
      "chi2": 217.24437686031737,
      "ndf": 43,
      "chi2_ndf": 5.052194810705055,
      "norm": 51240.437468697244,
      "temperature_gev": 0.09251876299645233,
      "beta_s": 0.9837401609882976,
      "n_val": 1.1926747168150655,
      "mean_beta": 0.6162482859949183,
      "norm_err": 26383.235613565426,
      "temperature_err_gev": 0.014251316617263116,
      "beta_s_err": 0.004677490672450213,
      "n_val_err": 0.18692833511827722,
      "valid": false,