,norm_1,temperature_1,q_1
norm_1,16800.878821296228,-0.18113168580142966,0.1076968827072118
temperature_1,-0.18113168580142966,2.0284877979070273e-06,-1.2742610327416698e-06
q_1,0.1076968827072118,-1.2742610327416698e-06,9.80756445976345e-07
