,norm_1,temperature_1,U_1
norm_1,11.029602122528866,-0.016389565692359075,-4.959871673547546e-09
temperature_1,-0.016389565692359075,2.7643142840320626e-05,-1.1419476630579441e-10
U_1,-4.959871673547546e-09,-1.1419476630579441e-10,9.381612594772122e-11
