{
  "source": "ins1735345",
  "estimator": "SPD_tracklets",
  "eta_range": "-0.8-0.8",
  "sqrt_s_gev": 13000,
  "model": "BGBW (Schnedermann-Sollfrank-Heinz 1993)",
  "mass_gev": 0.13957,
  "mass_assumption": "pion (C2 caveat: biases T low, <beta> high for unidentified hadrons)",
  "cov_mode": "diag",
  "status": "substitute-baseline",
  "caveats": {
    "C1": "SPD-tracklets estimator != manuscript Nch; identity R matrix used",
    "C2": "mass=0.13957 GeV (pion); see bgbw_identified_fit.py for species refit",
    "C3": "Full covariance unavailable; chi2/ndf is shape-quality proxy only"
  },
  "n_bins": 10,
  "n_converged": 8,
  "bins": [
    {
      "success": true,
      "chi2": 110.68346908925206,
      "ndf": 43,
      "chi2_ndf": 2.574034164866327,
      "norm": 1192.8637538329867,
      "temperature_gev": 0.12786113466716467,
      "beta_s": 0.8926838061158863,
      "n_val": 3.9999999987686357,
      "mean_beta": 0.2975612687663632,
      "norm_err": 136.04757950333385,
      "temperature_err_gev": 0.0037663843536218447,
      "beta_s_err": 0.007846400147823673,
      "n_val_err": 0.047305453310783285,
      "valid": true,
      "bin": "21-30",
      "n_points": 47,
      "mass_gev": 0.13957,
      "cov_mode": "diag",
      "estimator": "SPD_tracklets",
      "status": "substitute-baseline"
    },
    {
      "success": true,
      "chi2": 1100.892969600745,
      "ndf": 43,
      "chi2_ndf": 25.602162083738254,
      "norm": 2853.503634437687,
      "temperature_gev": 0.14740117759636936,
      "beta_s": 0.9403216674855337,
      "n_val": 3.9999999980560617,
      "mean_beta": 0.31344055593006276,
      "norm_err": 124.2553454392555,
      "temperature_err_gev": 0.0017198573336807688,
      "beta_s_err": 0.001704849154125443,
      "n_val_err": 0.010531647449042891,
      "valid": true,
      "bin": "31-40",
      "n_points": 47,
      "mass_gev": 0.13957,
      "cov_mode": "diag",
      "estimator": "SPD_tracklets",
      "status": "substitute-baseline"
    },
    {
      "success": true,
      "chi2": 1068.1990451165564,
      "ndf": 43,
      "chi2_ndf": 24.841838258524568,
      "norm": 3305.4711773368313,
      "temperature_gev": 0.16065912008648733,
      "beta_s": 0.9449053249288633,
      "n_val": 3.999999998310296,
      "mean_beta": 0.314968441731655,
      "norm_err": 141.93632224817725,
      "temperature_err_gev": 0.0018924601890642906,
      "beta_s_err": 0.0016184152211323188,
      "n_val_err": 0.02674902491799358,
      "valid": true,
      "bin": "41-50",
      "n_points": 47,
      "mass_gev": 0.13957,
      "cov_mode": "diag",
      "estimator": "SPD_tracklets",
      "status": "substitute-baseline"
    },
    {
      "success": true,
      "chi2": 997.1386027289147,
      "ndf": 43,
      "chi2_ndf": 23.189269830904994,
      "norm": 3737.606016157627,
      "temperature_gev": 0.16930223041396433,
      "beta_s": 0.947142135916207,
      "n_val": 3.9999998024804455,
      "mean_beta": 0.3157140556986856,
      "norm_err": 160.2722787847042,
      "temperature_err_gev": 0.002023182344981597,
      "beta_s_err": 0.001600775678999522,
      "n_val_err": 0.4210704433241228,
      "valid": true,
      "bin": "51-60",
      "n_points": 47,
      "mass_gev": 0.13957,
      "cov_mode": "diag",
      "estimator": "SPD_tracklets",
      "status": "substitute-baseline"
    },
    {
      "success": true,
      "chi2": 1269.6861744465584,
      "ndf": 43,
      "chi2_ndf": 29.527585452245546,
      "norm": 6187.438951718059,
      "temperature_gev": 0.15391048477617983,
      "beta_s": 0.9553734558190058,
      "n_val": 2.963848265930123,
      "mean_beta": 0.38493257836920947,
      "norm_err": 601.6437878690604,
      "temperature_err_gev": 0.004803369413679606,
      "beta_s_err": 0.0020313061002590893,
      "n_val_err": 0.17286371888668794,
      "valid": true,
      "bin": "61-70",
      "n_points": 47,
      "mass_gev": 0.13957,
      "cov_mode": "diag",
      "estimator": "SPD_tracklets",
      "status": "substitute-baseline"
    },
    {
      "success": true,
      "chi2": 1119.0029915623918,
      "ndf": 43,
      "chi2_ndf": 26.0233253851719,
      "norm": 8717.193720312034,
      "temperature_gev": 0.14526137928629268,
      "beta_s": 0.9611770885514576,
      "n_val": 2.4981243789395307,
      "mean_beta": 0.42736794609403966,
      "norm_err": 998.6165802533819,
      "temperature_err_gev": 0.0053699675185428924,
      "beta_s_err": 0.002227905973310962,
      "n_val_err": 0.15490190398885884,
      "valid": true,
      "bin": "71-80",
      "n_points": 47,
      "mass_gev": 0.13957,
      "cov_mode": "diag",
      "estimator": "SPD_tracklets",
      "status": "substitute-baseline"
    },
    {
      "success": true,
      "chi2": 915.8773029373093,
      "ndf": 43,
      "chi2_ndf": 21.299472161332776,
      "norm": 15189.94640001614,
      "temperature_gev": 0.12682936476653317,
      "beta_s": 0.9697181571226628,
      "n_val": 1.9155055633036282,
      "mean_beta": 0.4953220683484269,
      "norm_err": 4647.99989361953,
      "temperature_err_gev": 0.012419978233052235,
      "beta_s_err": 0.004983783267537845,
      "n_val_err": 0.255355601890792,
      "valid": true,
      "bin": "81-90",
      "n_points": 47,
      "mass_gev": 0.13957,
      "cov_mode": "diag",
      "estimator": "SPD_tracklets",
      "status": "substitute-baseline"
    },
    {
      "success": true,
      "chi2": 739.0532384933775,
      "ndf": 43,
      "chi2_ndf": 17.18728461612506,
      "norm": 27638.37453788831,
      "temperature_gev": 0.10884424949590409,
      "beta_s": 0.9783848688291843,
      "n_val": 1.518586306869913,
      "mean_beta": 0.5561238426460782,
      "norm_err": 1452.0962670651843,
      "temperature_err_gev": 0.00177506738518457,
      "beta_s_err": 0.0007096105959682464,
      "n_val_err": 0.038696980043757545,
      "valid": true,
      "bin": "91-100",
      "n_points": 47,
      "mass_gev": 0.13957,
      "cov_mode": "diag",
      "estimator": "SPD_tracklets",
      "status": "substitute-baseline"
    },
    {
      "success": false,
      "chi2": 422.1029167586843,
      "ndf": 43,
      "chi2_ndf": 9.816346901364751,
      "norm": 48375.35366342916,
      "temperature_gev": 0.09414787072835323,
      "beta_s": 0.9833594204082782,
      "n_val": 1.2202932001768478,
      "mean_beta": 0.6107266384031587,
      "norm_err": 12444.89122256403,
      "temperature_err_gev": 0.007290374139125276,
      "beta_s_err": 0.0024078935198175166,
      "n_val_err": 0.09924728577360564,
      "valid": false,
      "bin": "101-125",
      "n_points": 47,
      "mass_gev": 0.13957,
      "cov_mode": "diag",
      "estimator": "SPD_tracklets",
      "status": "substitute-baseline"
    },
    {
      "success": false,
      "chi2": 265.0109207977151,
      "ndf": 43,
      "chi2_ndf": 6.163044669714304,
      "norm": 46566.68499796014,
      "temperature_gev": 0.10203691848741267,
      "beta_s": 0.9834918249269298,
      "n_val": 1.2471883853836239,
      "mean_beta": 0.6057497799350743,
      "norm_err": 5196.670442106079,
      "temperature_err_gev": 0.0035281550809736634,
      "beta_s_err": 0.0011235099418698269,
      "n_val_err": 0.05303943820474977,
      "valid": false,
      "bin": "126-150",
      "n_points": 47,
      "mass_gev": 0.13957,
      "cov_mode": "diag",
      "estimator": "SPD_tracklets",
      "status": "substitute-baseline"
    }
  ]
}