{
  "mode": "mass-weighted bias estimate (fallback)",
  "data": "ins1735345 (unidentified, mass-varied)",
  "caveat_c2": "Level-2 fallback: refit of unidentified hadrons with three mass assumptions. NOT a true identified-species refit. Obtain ins1682316 and re-run with --data-path for a Level-1 result.",
  "n_rows": 10,
  "results": [
    {
      "bin": "21-30",
      "n_points": 47,
      "T_kin_pion_gev": 0.12602064009988545,
      "mean_beta_pion": 0.3117397552331618,
      "chi2_ndf_pion": 18.9226947728568,
      "success_pion": true,
      "T_kin_kaon_gev": 0.1131243170448834,
      "mean_beta_kaon": 0.3017277695221139,
      "chi2_ndf_kaon": 34.087583423287214,
      "success_kaon": true,
      "T_kin_proton_gev": 0.12336501475057748,
      "mean_beta_proton": 0.2701032157162066,
      "chi2_ndf_proton": 56.23165113939915,
      "success_proton": false,
      "delta_T_kin_proton_vs_pion_gev": -0.0026556253493079662
    },
    {
      "bin": "31-40",
      "n_points": 47,
      "T_kin_pion_gev": 0.14786366409646126,
      "mean_beta_pion": 0.3141535927984544,
      "chi2_ndf_pion": 28.840939001079015,
      "success_pion": true,
      "T_kin_kaon_gev": 0.10587979547363086,
      "mean_beta_kaon": 0.3135566676924204,
      "chi2_ndf_kaon": 53.646305477628,
      "success_kaon": true,
      "T_kin_proton_gev": 0.10217581340828755,
      "mean_beta_proton": 0.28909203234879616,
      "chi2_ndf_proton": 110.45496022873293,
      "success_proton": false,
      "delta_T_kin_proton_vs_pion_gev": -0.045687850688173715
    },
    {
      "bin": "41-50",
      "n_points": 47,
      "T_kin_pion_gev": 0.16063763552743424,
      "mean_beta_pion": 0.31517638287865374,
      "chi2_ndf_pion": 25.461917523310536,
      "success_pion": true,
      "T_kin_kaon_gev": 0.11225785745452485,
      "mean_beta_kaon": 0.3165692029597802,
      "chi2_ndf_kaon": 43.79769571501651,
      "success_kaon": true,
      "T_kin_proton_gev": 0.10615530589982215,
      "mean_beta_proton": 0.2950801724596064,
      "chi2_ndf_proton": 95.22282615631647,
      "success_proton": false,
      "delta_T_kin_proton_vs_pion_gev": -0.05448232962761208
    },
    {
      "bin": "51-60",
      "n_points": 47,
      "T_kin_pion_gev": 0.16938842661947992,
      "mean_beta_pion": 0.31580066871226176,
      "chi2_ndf_pion": 24.06736140820217,
      "success_pion": true,
      "T_kin_kaon_gev": 0.11681533580032964,
      "mean_beta_kaon": 0.3181495947274747,
      "chi2_ndf_kaon": 38.59679566066835,
      "success_kaon": true,
      "T_kin_proton_gev": 0.11631425727495989,
      "mean_beta_proton": 0.2985965620333376,
      "chi2_ndf_proton": 87.3653685997957,
      "success_proton": false,
      "delta_T_kin_proton_vs_pion_gev": -0.05307416934452003
    },
    {
      "bin": "61-70",
      "n_points": 47,
      "T_kin_pion_gev": 0.1544467331188726,
      "mean_beta_pion": 0.3831786259886402,
      "chi2_ndf_pion": 29.754684977824994,
      "success_pion": true,
      "T_kin_kaon_gev": 0.1172321759320401,
      "mean_beta_kaon": 0.31960040680301416,
      "chi2_ndf_kaon": 46.89359074112764,
      "success_kaon": true,
      "T_kin_proton_gev": 0.10478667178962285,
      "mean_beta_proton": 0.30272091722352923,
      "chi2_ndf_proton": 108.86490026181916,
      "success_proton": false,
      "delta_T_kin_proton_vs_pion_gev": -0.04966006132924976
    },
    {
      "bin": "71-80",
      "n_points": 47,
      "T_kin_pion_gev": 0.14566768481536746,
      "mean_beta_pion": 0.4260429364572771,
      "chi2_ndf_pion": 26.387560614165142,
      "success_pion": true,
      "T_kin_kaon_gev": 0.12050856506395331,
      "mean_beta_kaon": 0.3203002709588858,
      "chi2_ndf_kaon": 41.8433811671689,
      "success_kaon": true,
      "T_kin_proton_gev": 0.10167024308150473,
      "mean_beta_proton": 0.30552452063897495,
      "chi2_ndf_proton": 96.32039139732584,
      "success_proton": false,
      "delta_T_kin_proton_vs_pion_gev": -0.04399744173386273
    },
    {
      "bin": "81-90",
      "n_points": 47,
      "T_kin_pion_gev": 0.12816693235065574,
      "mean_beta_pion": 0.4911185721249164,
      "chi2_ndf_pion": 21.68090863415475,
      "success_pion": true,
      "T_kin_kaon_gev": 0.12244239811186781,
      "mean_beta_kaon": 0.3228574749747622,
      "chi2_ndf_kaon": 35.999203077042864,
      "success_kaon": true,
      "T_kin_proton_gev": 0.10326338432773714,
      "mean_beta_proton": 0.30652964379714887,
      "chi2_ndf_proton": 82.81413871679221,
      "success_proton": false,
      "delta_T_kin_proton_vs_pion_gev": -0.024903548022918595
    },
    {
      "bin": "91-100",
      "n_points": 47,
      "T_kin_pion_gev": 0.10736751774149833,
      "mean_beta_pion": 0.5609544302725811,
      "chi2_ndf_pion": 16.66862131812703,
      "success_pion": true,
      "T_kin_kaon_gev": 0.11453600948952808,
      "mean_beta_kaon": 0.3485470926155574,
      "chi2_ndf_kaon": 30.135612463070174,
      "success_kaon": true,
      "T_kin_proton_gev": 0.0872643576236953,
      "mean_beta_proton": 0.3107855282623416,
      "chi2_ndf_proton": 64.6487852248108,
      "success_proton": false,
      "delta_T_kin_proton_vs_pion_gev": -0.020103160117803026
    },
    {
      "bin": "101-125",
      "n_points": 47,
      "T_kin_pion_gev": 0.09699121986272055,
      "mean_beta_pion": 0.6011754612519088,
      "chi2_ndf_pion": 12.944034843634626,
      "success_pion": true,
      "T_kin_kaon_gev": 0.10913788133709036,
      "mean_beta_kaon": 0.36936590284005527,
      "chi2_ndf_kaon": 25.398535084757757,
      "success_kaon": true,
      "T_kin_proton_gev": 0.10571108335112946,
      "mean_beta_proton": 0.3092183149080072,
      "chi2_ndf_proton": 59.38336177007377,
      "success_proton": false,
      "delta_T_kin_proton_vs_pion_gev": 0.008719863488408905
    },
    {
      "bin": "126-150",
      "n_points": 47,
      "T_kin_pion_gev": 0.0899016941559074,
      "mean_beta_pion": 0.6372145143808042,
      "chi2_ndf_pion": 5.327484669772059,
      "success_pion": true,
      "T_kin_kaon_gev": 0.09388581403101957,
      "mean_beta_kaon": 0.4123269193900107,
      "chi2_ndf_kaon": 12.120149067888514,
      "success_kaon": false,
      "T_kin_proton_gev": 0.08457152816328227,
      "mean_beta_proton": 0.3134330194122381,
      "chi2_ndf_proton": 24.741641530305397,
      "success_proton": false,
      "delta_T_kin_proton_vs_pion_gev": -0.005330165992625133
    }
  ]
}