pt_cut,model_name,chi2_ndf,temperature,q,beta_s,n
0.12,tsallis,0.3322178198228183,0.09162430130919362,1.149382720802848,,
0.12,blast_wave,1.9317200491323814,0.1320977294932637,,0.9169686530612216,3.9999999999005746
0.2,tsallis,0.2503951483690522,0.09362095966616772,1.1479675073853086,,
0.2,blast_wave,1.988007857872645,0.1323245620606741,,0.9167018945852172,3.9999999999573026
0.3,tsallis,0.1715537684611218,0.09695108315223439,1.145729581956788,,
0.3,blast_wave,2.1050234594948387,0.13383197699649566,,0.914970301409915,3.999999999785666
0.45,tsallis,0.09544479537826468,0.10192096784974042,1.1426583510350639,,
0.45,blast_wave,2.2602105019460277,0.14105573065241606,,0.9068560222784716,3.999999981388354
