{
  "source": "ins1735345",
  "estimator": "SPD_tracklets",
  "eta_range": "-0.8-0.8",
  "sqrt_s_gev": 13000,
  "model": "BGBW (Schnedermann-Sollfrank-Heinz 1993)",
  "mass_gev": 0.13957,
  "mass_assumption": "pion (C2 caveat: biases T low, <beta> high for unidentified hadrons)",
  "cov_mode": "correlated",
  "status": "substitute-baseline",
  "caveats": {
    "C1": "SPD-tracklets estimator != manuscript Nch; identity R matrix used",
    "C2": "mass=0.13957 GeV (pion); see bgbw_identified_fit.py for species refit",
    "C3": "Full covariance unavailable; chi2/ndf is shape-quality proxy only \u2014 GLS envelope computed"
  },
  "n_bins": 10,
  "n_converged": 8,
  "bins": [
    {
      "success": true,
      "chi2": 813.6758751952318,
      "ndf": 43,
      "chi2_ndf": 18.922694771982137,
      "norm": 1505.9931795991702,
      "temperature_gev": 0.12601894050565254,
      "beta_s": 0.9352206849513329,
      "n_val": 3.9999999988286845,
      "mean_beta": 0.31174022837796866,
      "norm_err": 141.54762188311702,
      "temperature_err_gev": 0.0029987697842101396,
      "beta_s_err": 0.0034577233414735953,
      "n_val_err": 0.009694335912606267,
      "valid": true,
      "gls_chi2_ndf_diag": 18.922694771981813,
      "gls_chi2_ndf_envelope": {
        "0.1": 12.553621239063487,
        "0.3": 7.411882868830655,
        "1.0": 6.622353459736448,
        "3.0": 12.490468704534312
      },
      "gls_chi2_ndf_min": 6.622353459736448,
      "gls_chi2_ndf_max": 12.553621239063487,
      "bin": "21-30",
      "n_points": 47,
      "mass_gev": 0.13957,
      "cov_mode": "correlated",
      "estimator": "SPD_tracklets",
      "status": "substitute-baseline"
    },
    {
      "success": true,
      "chi2": 1240.1603771127766,
      "ndf": 43,
      "chi2_ndf": 28.84093900262271,
      "norm": 2766.095722145596,
      "temperature_gev": 0.1478639681533611,
      "beta_s": 0.9424608115348768,
      "n_val": 3.9999999982645886,
      "mean_beta": 0.31415360393582326,
      "norm_err": 122.55478081857063,
      "temperature_err_gev": 0.0017535133517922602,
      "beta_s_err": 0.0016569832076504531,
      "n_val_err": 0.009546843068488409,
      "valid": true,
      "gls_chi2_ndf_diag": 28.84093900262163,
      "gls_chi2_ndf_envelope": {
        "0.1": 21.666774873199678,
        "0.3": 14.34394646421999,
        "1.0": 14.408714048819894,
        "3.0": 28.069973911783865
      },
      "gls_chi2_ndf_min": 14.34394646421999,
      "gls_chi2_ndf_max": 28.069973911783865,
      "bin": "31-40",
      "n_points": 47,
      "mass_gev": 0.13957,
      "cov_mode": "correlated",
      "estimator": "SPD_tracklets",
      "status": "substitute-baseline"
    },
    {
      "success": true,
      "chi2": 1094.8624538848314,
      "ndf": 43,
      "chi2_ndf": 25.461917532205383,
      "norm": 3301.9647492095255,
      "temperature_gev": 0.16063718868643698,
      "beta_s": 0.9455298277219752,
      "n_val": 3.9999999999909175,
      "mean_beta": 0.3151766092411355,
      "norm_err": 141.8933380874264,
      "temperature_err_gev": 0.001892909302412149,
      "beta_s_err": 0.0015976893133051728,
      "n_val_err": 0.025049051787052523,
      "valid": true,
      "gls_chi2_ndf_diag": 25.46191753220478,
      "gls_chi2_ndf_envelope": {
        "0.1": 19.773414542838992,
        "0.3": 13.737290226999487,
        "1.0": 14.820120243291756,
        "3.0": 29.776444935381775
      },
      "gls_chi2_ndf_min": 13.737290226999487,
      "gls_chi2_ndf_max": 29.776444935381775,
      "bin": "41-50",
      "n_points": 47,
      "mass_gev": 0.13957,
      "cov_mode": "correlated",
      "estimator": "SPD_tracklets",
      "status": "substitute-baseline"
    },
    {
      "success": true,
      "chi2": 1034.8965465706765,
      "ndf": 43,
      "chi2_ndf": 24.06736154815527,
      "norm": 3726.5573171162155,
      "temperature_gev": 0.16939073594596216,
      "beta_s": 0.9474005604889516,
      "n_val": 3.999999767783794,
      "mean_beta": 0.31580019905197115,
      "norm_err": 159.89572114546854,
      "temperature_err_gev": 0.0020249204575687463,
      "beta_s_err": 0.0015936083033528115,
      "n_val_err": 0.2323847082076056,
      "valid": true,
      "gls_chi2_ndf_diag": 24.067361548154896,
      "gls_chi2_ndf_envelope": {
        "0.1": 18.863711949495727,
        "0.3": 13.529592122590602,
        "1.0": 15.053319366916895,
        "3.0": 30.22972347512815
      },
      "gls_chi2_ndf_min": 13.529592122590602,
      "gls_chi2_ndf_max": 30.22972347512815,
      "bin": "51-60",
      "n_points": 47,
      "mass_gev": 0.13957,
      "cov_mode": "correlated",
      "estimator": "SPD_tracklets",
      "status": "substitute-baseline"
    },
    {
      "success": true,
      "chi2": 1279.451455142416,
      "ndf": 43,
      "chi2_ndf": 29.754685003312,
      "norm": 6116.809829078423,
      "temperature_gev": 0.15444788383287716,
      "beta_s": 0.95541132376062,
      "n_val": 2.986898581021266,
      "mean_beta": 0.3831685398201788,
      "norm_err": 541.7228669989181,
      "temperature_err_gev": 0.004389560935972925,
      "beta_s_err": 0.0018633272337702511,
      "n_val_err": 0.16103185066309278,
      "valid": true,
      "gls_chi2_ndf_diag": 29.754685003310353,
      "gls_chi2_ndf_envelope": {
        "0.1": 23.2461959431022,
        "0.3": 16.650234569404414,
        "1.0": 18.642668576568973,
        "3.0": 37.061379916256506
      },
      "gls_chi2_ndf_min": 16.650234569404414,
      "gls_chi2_ndf_max": 37.061379916256506,
      "bin": "61-70",
      "n_points": 47,
      "mass_gev": 0.13957,
      "cov_mode": "correlated",
      "estimator": "SPD_tracklets",
      "status": "substitute-baseline"
    },
    {
      "success": true,
      "chi2": 1134.6651004586274,
      "ndf": 43,
      "chi2_ndf": 26.387560475782035,
      "norm": 8641.173782478212,
      "temperature_gev": 0.14565918075109668,
      "beta_s": 0.9611406107750259,
      "n_val": 2.511736742958965,
      "mean_beta": 0.42606236380036405,
      "norm_err": 987.3453647608421,
      "temperature_err_gev": 0.0053716799564084705,
      "beta_s_err": 0.002218121959411512,
      "n_val_err": 0.15598741546564843,
      "valid": true,
      "gls_chi2_ndf_diag": 26.38756047577738,
      "gls_chi2_ndf_envelope": {
        "0.1": 20.658556043098415,
        "0.3": 14.968564331666899,
        "1.0": 16.8184449563691,
        "3.0": 32.52126851449639
      },
      "gls_chi2_ndf_min": 14.968564331666899,
      "gls_chi2_ndf_max": 32.52126851449639,
      "bin": "71-80",
      "n_points": 47,
      "mass_gev": 0.13957,
      "cov_mode": "correlated",
      "estimator": "SPD_tracklets",
      "status": "substitute-baseline"
    },
    {
      "success": true,
      "chi2": 932.2790731308427,
      "ndf": 43,
      "chi2_ndf": 21.680908677461456,
      "norm": 14706.250397653286,
      "temperature_gev": 0.1281485723985496,
      "beta_s": 0.969441725623538,
      "n_val": 1.9474380601611962,
      "mean_beta": 0.49117514238282955,
      "norm_err": 2803.933721289084,
      "temperature_err_gev": 0.007826317711454638,
      "beta_s_err": 0.003145285077930493,
      "n_val_err": 0.16546235403368936,
      "valid": true,
      "gls_chi2_ndf_diag": 21.680908677453736,
      "gls_chi2_ndf_envelope": {
        "0.1": 16.926101064295946,
        "0.3": 12.340247063088182,
        "1.0": 13.715912706815972,
        "3.0": 25.40591523681556
      },
      "gls_chi2_ndf_min": 12.340247063088182,
      "gls_chi2_ndf_max": 25.40591523681556,
      "bin": "81-90",
      "n_points": 47,
      "mass_gev": 0.13957,
      "cov_mode": "correlated",
      "estimator": "SPD_tracklets",
      "status": "substitute-baseline"
    },
    {
      "success": true,
      "chi2": 716.750710407107,
      "ndf": 43,
      "chi2_ndf": 16.6686211722583,
      "norm": 28831.798817247916,
      "temperature_gev": 0.1073662254304414,
      "beta_s": 0.9787652243328842,
      "n_val": 1.4895470157562793,
      "mean_beta": 0.5609697877194294,